"Name","Size (KB)"
"Paper100 Prereg.pdf","318.78"
"Paper100.pdf","239.31"
"Paper104 Prereg.pdf","199.85"
"Paper104.pdf","573.59"
"Paper105 Prereg.pdf","79.15"
"Paper105.pdf","267.05"
"Paper106 Prereg.pdf","122.71"
"Paper106.pdf","243.95"
"Paper114 Prereg.pdf","144.84"
"Paper114.pdf","1042.63"
"Paper115 Prereg.pdf","124.75"
"Paper115.pdf","1056.53"
"Paper116 Prereg.pdf","125.63"
"Paper116.pdf","1056.53"
"Paper117 Prereg.pdf","123.53"
"Paper117.pdf","1056.53"
"Paper118.pdf","494.78"
"Paper119 Prereg.pdf","308.31"
"Paper119.pdf","1581.14"
"Paper120 Prereg.pdf","324.44"
"Paper120.pdf","1511.2"
"Paper121 Prereg.pdf","690.5"
"Paper121.pdf","767.43"
"Paper122 Prereg.pdf","324.39"
"Paper122.pdf","772.41"
"Paper123 Prereg.pdf","360.22"
"Paper123.pdf","781.73"
"Paper127 Prereg.pdf","320.62"
"Paper127.pdf","702.78"
"Paper133 Prereg.pdf","347.45"
"Paper133.pdf","692.53"
"Paper134 Prereg.pdf","484.45"
"Paper134.pdf","522.5"
"Paper141 prereg.pdf","124.53"
"Paper141.pdf","809.61"
"Paper145 Prereg.pdf","205.54"
"Paper145.pdf","4820.92"
"Paper149 Prereg.pdf","399.15"
"Paper149.pdf","624.62"
"Paper150 Prereg.pdf","496.54"
"Paper150.pdf","364.79"
"Paper152 Prereg.pdf","360.16"
"Paper152.pdf","371.62"
"Paper153 Prereg.pdf","51.46"
"Paper153.pdf","263.37"
"Paper154 Prereg.pdf","138.93"
"Paper154.pdf","427.74"
"Paper155 Prereg.pdf","422.35"
"Paper155.pdf","589.61"
"Paper156 Prereg.pdf","272.88"
"Paper156.pdf","369.71"
"Paper157 Prereg.pdf","127.74"
"Paper157.pdf","1149.79"
"Paper159 Prereg.pdf","270.83"
"Paper159.pdf","283"
"Paper16 Prereg.pdf","235.89"
"Paper16.pdf","560.29"
"Paper160 Prereg.pdf","199.46"
"Paper160.pdf","283"
"Paper162 Prereg.pdf","124.01"
"Paper162.pdf","118.41"
"Paper163 Prereg.pdf","124.01"
"Paper163.pdf","118.41"
"Paper164 Prereg.pdf","12.1"
"Paper164.pdf","128.91"
"Paper165 Prereg.pdf","181.66"
"Paper165.pdf","2580.24"
"Paper166 Prereg.pdf","181.66"
"Paper166.pdf","2580.24"
"Paper169 Prereg.pdf","182.09"
"Paper169.pdf","2580.24"
"Paper17 Prereg.pdf","385.23"
"Paper17.pdf","484.06"
"Paper172 Prereg.pdf","182.56"
"Paper172.pdf","2580.24"
"Paper173 Prereg.pdf","128.34"
"Paper173.pdf","384.85"
"Paper174 Prereg.pdf","323"
"Paper175 Prereg.pdf","326.18"
"Paper175.pdf","233.24"
"Paper177.pdf","353.58"
"Paper18 Prereg.pdf","231.55"
"Paper18.pdf","652.75"
"Paper183 Prereg.pdf","123.29"
"Paper183.pdf","380.12"
"Paper191 Prereg.pdf","124.53"
"Paper191.pdf","606.09"
"Paper192 Prereg.pdf","39.51"
"Paper192.pdf","811.46"
"Paper193 Prereg.pdf","31.3"
"Paper193.pdf","811.46"
"Paper194 Prereg.pdf","122.67"
"Paper194.pdf","362.55"
"Paper196 Prereg.pdf","144.11"
"Paper196.pdf","522.31"
"Paper198 Prereg.pdf","99.66"
"Paper198.pdf","428.64"
"Paper206 Prereg.pdf","411.21"
"Paper206.pdf","607.86"
"Paper207 Prereg.pdf","274.87"
"Paper209 Prereg.pdf","261.35"
"Paper209.pdf","383.71"
"Paper210 Prereg.pdf","308.87"
"Paper210.pdf","154.13"
"Paper211 Prereg.pdf","320.63"
"Paper211.pdf","334.22"
"Paper212 Prereg.pdf","364.14"
"Paper212.pdf","334.22"
"Paper215 Prereg.pdf","341.45"
"Paper215.pdf","951.89"
"Paper221 Prereg.pdf","124.56"
"Paper221.pdf","210.59"
"Paper222 Prereg.pdf","575.29"
"Paper222.pdf","438.87"
"Paper229 Prereg.pdf","274.75"
"Paper229.pdf","182.65"
"Paper23 Prereg.pdf","353.29"
"Paper23.pdf","1207.31"
"Paper230 Prereg.pdf","167.17"
"Paper235 Prereg.pdf","324.1"
"Paper235.pdf","227.2"
"Paper237 Prereg.pdf","223.09"
"Paper237.pdf","776.49"
"Paper238 Prereg.pdf","324.78"
"Paper238.pdf","2171"
"Paper24 Prereg.pdf","317.65"
"Paper24.pdf","1195.9"
"Paper241 Prereg.pdf","205.49"
"Paper241.pdf","1879.53"
"Paper245 Prereg.pdf","303.02"
"Paper245.pdf","888.23"
"Paper246 Prereg.pdf","274.93"
"Paper246.pdf","888.23"
"Paper247 Prereg.pdf","264.37"
"Paper247.pdf","888.23"
"Paper250 Prereg.pdf","268.65"
"Paper250.pdf","1092.81"
"Paper254 Prereg.pdf","180.35"
"Paper254.pdf","290.07"
"Paper255 Prereg.pdf","317.12"
"Paper255.pdf","1132.71"
"Paper256 Prereg.pdf","320.89"
"Paper256.pdf","1132.71"
"Paper257 Prereg.pdf","280.69"
"Paper257.pdf","1132.71"
"Paper260 Prereg.pdf","123.33"
"Paper260.pdf","259.46"
"Paper262 Prereg.pdf","128.77"
"Paper262.pdf","843.58"
"Paper263 Prereg.pdf","268.83"
"Paper263.pdf","426.25"
"Paper264 Prereg.pdf","463.49"
"Paper264.pdf","999.46"
"Paper265 Prereg.pdf","347.31"
"Paper265.pdf","999.46"
"Paper266 Prereg.pdf","97.89"
"Paper266.pdf","399.73"
"Paper268 Prereg.pdf","282.06"
"Paper268.pdf","588.16"
"Paper269 Prereg.pdf","329.29"
"Paper269.pdf","588.16"
"Paper27 Prereg.pdf","315.94"
"Paper27.pdf","2194.59"
"Paper270 Prereg.pdf","121.52"
"Paper270.pdf","4634.42"
"Paper271 Prereg.pdf","139.61"
"Paper271.pdf","229.59"
"Paper272 Prereg.pdf","133.66"
"Paper272.pdf","229.59"
"Paper273 Prereg.pdf","292.91"
"Paper273.pdf","226.97"
"Paper276 Prereg.pdf","198.92"
"Paper276.pdf","257.67"
"Paper280 Prereg.pdf","125.33"
"Paper280.pdf","651.2"
"Paper282 Prereg.pdf","438.67"
"Paper282.pdf","709.22"
"Paper288 Prereg.pdf","504.88"
"Paper288.pdf","2181.92"
"Paper289 Prereg.pdf","268.59"
"Paper289.pdf","2190.12"
"Paper294 Prereg.pdf","280.02"
"Paper294.pdf","1110.5"
"Paper295 Prereg.pdf","315.41"
"Paper295.pdf","1110.5"
"Paper297 Prereg.pdf","276.38"
"Paper297.pdf","614.81"
"Paper298 Prereg.pdf","424.09"
"Paper298.pdf","1939.02"
"Paper299 Prereg.pdf","186.03"
"Paper299.pdf","1939.02"
"Paper300 Prereg.pdf","472.48"
"Paper300.pdf","1939.02"
"Paper302 Prereg.pdf","283.98"
"Paper302.pdf","2380.07"
"Paper303 Prereg.pdf","129.36"
"Paper303.pdf","232.01"
"Paper304 Prereg.pdf","114.55"
"Paper304.pdf","232.01"
"Paper306 Prereg.pdf","277.29"
"Paper312 Prereg.pdf","251.1"
"Paper312.pdf","2225.03"
"Paper316 Prereg.pdf","200.94"
"Paper316.pdf","608.74"
"Paper319 Prereg.pdf","364.8"
"Paper319.pdf","182.46"
"Paper321 Prereg.pdf","295.64"
"Paper321.pdf","546.22"
"Paper322 Prereg.pdf","537"
"Paper322.pdf","372.02"
"Paper323 Prereg.pdf","187.72"
"Paper323.pdf","265.3"
"Paper324 Prereg.pdf","263.38"
"Paper324.pdf","427.03"
"Paper325 Prereg.pdf","280.77"
"Paper325.pdf","610.83"
"Paper326 Prereg.pdf","320.23"
"Paper326.pdf","651.31"
"Paper327 Prereg.pdf","276.86"
"Paper327.pdf","457.1"
"Paper328 Prereg.pdf","71.27"
"Paper328.pdf","275.12"
"Paper329 Prereg.pdf","140.86"
"Paper329.pdf","714.19"
"Paper33 Prereg.pdf","494.78"
"Paper33.pdf","599.68"
"Paper330 Prereg.pdf","149.41"
"Paper330.pdf","222.05"
"Paper331 Prereg.pdf","148.53"
"Paper331.pdf","222.05"
"Paper332 Prereg.pdf","153.98"
"Paper332.pdf","222.05"
"Paper333 Prereg.pdf","154.9"
"Paper333.pdf","222.05"
"Paper334 Prereg.pdf","157.18"
"Paper334.pdf","222.05"
"Paper335 Prereg.pdf","156.32"
"Paper335.pdf","222.05"
"Paper336 Prereg.pdf","156.32"
"Paper336.pdf","222.05"
"Paper337 Prereg.pdf","156.32"
"Paper337.pdf","222.05"
"Paper338 Prereg.pdf","157.11"
"Paper338.pdf","222.05"
"Paper339 Prereg.pdf","156.3"
"Paper339.pdf","222.05"
"Paper34 Prereg.pdf","313.55"
"Paper34.pdf","380.62"
"Paper340 Prereg.pdf","197.5"
"Paper340.pdf","594.17"
"Paper341 Prereg.pdf","180.89"
"Paper341.pdf","527.98"
"Paper342 Prereg.pdf","702.19"
"Paper342.pdf","527.98"
"Paper343 Prereg.pdf","192.85"
"Paper343.pdf","527.98"
"Paper345 Prereg.pdf","142.36"
"Paper345.pdf","369.69"
"Paper346 Prereg.pdf","274.59"
"Paper346.pdf","369.69"
"Paper347 Prereg.pdf","368.11"
"Paper347.pdf","132.57"
"Paper348 Prereg.pdf","398.07"
"Paper348.pdf","132.57"
"Paper349 Prereg.pdf","370.38"
"Paper349.pdf","132.57"
"Paper352 Prereg.pdf","125.16"
"Paper352.pdf","322.94"
"Paper353 Prereg.pdf","126.4"
"Paper353.pdf","322.94"
"Paper354 Prereg.pdf","107.42"
"Paper354.pdf","322.94"
"Paper355 Prereg.pdf","314.44"
"Paper355.pdf","626.06"
"Paper356 Prereg.pdf","326.04"
"Paper356.pdf","626.06"
"Paper357 Prereg.pdf","216.51"
"Paper357.pdf","344.47"
"Paper358 Prereg.pdf","105.25"
"Paper358.pdf","344.47"
"Paper359 Prereg.pdf","73.02"
"Paper359.pdf","344.47"
"Paper36 Prereg.pdf","144.02"
"Paper36.pdf","1424.73"
"Paper360 Prereg.pdf","852.58"
"Paper360.pdf","344.47"
"Paper361 Prereg.pdf","278.48"
"Paper361.pdf","491.39"
"Paper362 Prereg.pdf","278.48"
"Paper362.pdf","491.39"
"Paper363 Prereg.pdf","280.22"
"Paper363.pdf","733.21"
"Paper367 Prereg.pdf","402.53"
"Paper367.pdf","573.26"
"Paper369 Prereg.pdf","273.25"
"Paper37 Prereg.pdf","396.11"
"Paper37.pdf","1199.79"
"Paper370 Prereg.pdf","207.37"
"Paper370.pdf","850.44"
"Paper373 Prereg.pdf","323.46"
"Paper373.pdf","798.35"
"Paper375 Prereg.pdf","126.64"
"Paper375.pdf","370.5"
"Paper376 Prereg.pdf","172.34"
"Paper376.pdf","498.84"
"Paper377 Prereg.pdf","155.57"
"Paper377.pdf","498.84"
"Paper378 Prereg.pdf","160.31"
"Paper378.pdf","498.84"
"Paper379 Prereg.pdf","272.86"
"Paper379.pdf","1406.67"
"Paper380 Prereg.pdf","276.7"
"Paper380.pdf","1406.67"
"Paper381 Prereg.pdf","242.58"
"Paper381.pdf","1406.67"
"Paper382 Prereg.pdf","274.52"
"Paper382.pdf","1406.67"
"Paper383 Prereg.pdf","276.92"
"Paper383.pdf","184.48"
"Paper384 Prereg.pdf","122.95"
"Paper384.pdf","859.48"
"Paper385 Prereg.pdf","262.68"
"Paper385.pdf","586.45"
"Paper388 Prereg.pdf","146.05"
"Paper388.pdf","427.79"
"Paper389 Prereg.pdf","149.05"
"Paper389.pdf","427.79"
"Paper390 Prereg.pdf","125.26"
"Paper390.pdf","273.62"
"Paper391 Prereg.pdf","124.47"
"Paper391.pdf","273.62"
"Paper392 Prereg.pdf","124.72"
"Paper392.pdf","273.62"
"Paper393 Prereg.pdf","123.79"
"Paper393.pdf","273.62"
"Paper395 Prereg.pdf","124.33"
"Paper395.pdf","273.62"
"Paper396 Prereg.pdf","418.84"
"Paper396.pdf","2027.63"
"Paper397 Prereg.pdf","376.98"
"Paper397.pdf","2027.63"
"Paper398 Prereg.pdf","275.08"
"Paper398.pdf","587.42"
"Paper399 Prereg.pdf","125.15"
"Paper399.pdf","230.27"
"Paper400 Prereg.pdf","121.84"
"Paper400.pdf","230.27"
"Paper401 Prereg.pdf","126.86"
"Paper401.pdf","230.27"
"Paper402 Prereg.pdf","126.98"
"Paper402.pdf","230.27"
"Paper403 Prereg.pdf","277.09"
"Paper403.pdf","841.58"
"Paper404 Prereg.pdf","357.43"
"Paper404.pdf","544.1"
"Paper406 Prereg.pdf","166.76"
"Paper406.pdf","653.4"
"Paper408 Prereg.pdf","137.69"
"Paper408.pdf","1530.56"
"Paper409 Prereg.pdf","137.27"
"Paper409.pdf","1530.56"
"Paper410 Prereg.pdf","279.26"
"Paper410.pdf","201.75"
"Paper411 Prereg.pdf","182.28"
"Paper411.pdf","400.51"
"Paper412 Prereg.pdf","267.48"
"Paper412.pdf","384.72"
"Paper413 Prereg.pdf","273.53"
"Paper413.pdf","384.72"
"Paper414 Prereg.pdf","276.89"
"Paper414.pdf","384.72"
"Paper415 Prereg.pdf","313.78"
"Paper415.pdf","689.33"
"Paper416 Prereg.pdf","320.65"
"Paper416.pdf","689.33"
"Paper417 Prereg.pdf","87.82"
"Paper417.pdf","2260.92"
"Paper418 Prereg.pdf","207.4"
"Paper418.pdf","878.85"
"Paper419 Prereg.pdf","409.91"
"Paper419.pdf","344.91"
"Paper42 Prereg.pdf","201.47"
"Paper42.pdf","648.59"
"Paper420 Prereg.pdf","263.03"
"Paper420.pdf","1583.08"
"Paper421 Prereg.pdf","84.27"
"Paper421.pdf","397.86"
"Paper422 Prereg.pdf","257.16"
"Paper422.pdf","825.3"
"Paper423 Prereg.pdf","256.28"
"Paper423.pdf","825.3"
"Paper424 Prereg.pdf","260.55"
"Paper424.pdf","825.3"
"Paper425 Prereg.pdf","428.79"
"Paper425.pdf","2057.55"
"Paper426 Prereg.pdf","371.58"
"Paper426.pdf","489.73"
"Paper427 Prereg.pdf","450.76"
"Paper427.pdf","2149.06"
"Paper428 Prereg.pdf","490.17"
"Paper428.pdf","305.97"
"Paper429 Prereg.pdf","909.68"
"Paper429.pdf","602.7"
"Paper43 Prereg.pdf","314.2"
"Paper43.pdf","454.87"
"Paper432 Prereg.pdf","126.09"
"Paper432.pdf","2839.03"
"Paper433 Prereg.pdf","279.04"
"Paper433.pdf","1442.54"
"Paper434 Prereg.pdf","261.49"
"Paper437 Prereg.pdf","266.64"
"Paper437.pdf","2476.82"
"Paper438 Prereg.pdf","198.27"
"Paper438.pdf","720.45"
"Paper439 Prereg.pdf","198.98"
"Paper439.pdf","720.45"
"Paper44 Prereg.pdf","312"
"Paper44.pdf","529.21"
"Paper440 Prereg.pdf","198.57"
"Paper440.pdf","720.45"
"Paper441 Prereg.pdf","165.37"
"Paper441.pdf","720.45"
"Paper442 Prereg.pdf","184.37"
"Paper442.pdf","545.89"
"Paper443 Prereg.pdf","180.64"
"Paper443.pdf","545.89"
"Paper444 Prereg.pdf","179.74"
"Paper444.pdf","545.89"
"Paper445 Prereg.pdf","193.15"
"Paper445.pdf","342.88"
"Paper446 Prereg.pdf","195.21"
"Paper446.pdf","981.56"
"Paper448 Prereg.pdf","267.65"
"Paper448.pdf","409.53"
"Paper449 Prereg.pdf","198.92"
"Paper449.pdf","2675.51"
"Paper450 Prereg.pdf","85.09"
"Paper450.pdf","2675.51"
"Paper451 Prereg.pdf","126.69"
"Paper451.pdf","126.24"
"Paper452 Prereg.pdf","273.21"
"Paper452.pdf","293.25"
"Paper453 Prereg.pdf","278.95"
"Paper453.pdf","547.09"
"Paper454 Prereg.pdf","314.44"
"Paper454.pdf","547.09"
"Paper455 Prereg.pdf","184.87"
"Paper455.pdf","493.13"
"Paper456 Prereg.pdf","184.87"
"Paper456.pdf","493.13"
"Paper457 Prereg.pdf","295.17"
"Paper457.pdf","385.37"
"Paper458 Prereg.pdf","88.12"
"Paper458.pdf","426.1"
"Paper459 Prereg.pdf","179.43"
"Paper459.pdf","2222.71"
"Paper460 Prereg.pdf","180.8"
"Paper460.pdf","2222.71"
"Paper461 Prereg.pdf","200.1"
"Paper461.pdf","2222.71"
"Paper462 Prereg.pdf","86.91"
"Paper462.pdf","601.3"
"Paper463 Prereg.pdf","313.44"
"Paper463.pdf","560.49"
"Paper464 Prereg.pdf","145.92"
"Paper464.pdf","214.51"
"Paper465 Prereg.pdf","307.76"
"Paper465.pdf","850.91"
"Paper466 Prereg.pdf","88.26"
"Paper466.pdf","2470.28"
"Paper467 Prereg.pdf","86.57"
"Paper467.pdf","2470.28"
"Paper468 Prereg.pdf","87.72"
"Paper468.pdf","2470.28"
"Paper469 Prereg.pdf","87.23"
"Paper469.pdf","2470.28"
"Paper471 Prereg.pdf","69.84"
"Paper471.pdf","371.26"
"Paper472 Prereg.pdf","52.21"
"Paper472.pdf","371.26"
"Paper473 Prereg.pdf","53.53"
"Paper473.pdf","371.26"
"Paper474 Prereg.pdf","62.93"
"Paper474.pdf","371.26"
"Paper475 Prereg.pdf","319.88"
"Paper475.pdf","426.64"
"Paper476 Prereg.pdf","121.89"
"Paper476.pdf","800.15"
"Paper477 Prereg.pdf","123.07"
"Paper477.pdf","800.15"
"Paper478 Prereg.pdf","124.46"
"Paper478.pdf","324.04"
"Paper479 Prereg.pdf","127.39"
"Paper479.pdf","1942.2"
"Paper48 Prereg.pdf","268.12"
"Paper48.pdf","561.28"
"Paper480 Prereg.pdf","319.84"
"Paper480.pdf","299.87"
"Paper481 Prereg.pdf","136.13"
"Paper481.pdf","344.33"
"Paper482 Prereg.pdf","134.85"
"Paper482.pdf","344.33"
"Paper483 Prereg.pdf","134.85"
"Paper483.pdf","344.33"
"Paper484 Prereg.pdf","135.62"
"Paper484.pdf","344.33"
"Paper49 Prereg.pdf","278.06"
"Paper49.pdf","426.5"
"Paper50 Prereg.pdf","195.51"
"Paper50.pdf","428.95"
"Paper51 Prereg.pdf","268.46"
"Paper51.pdf","305.5"
"Paper52 Prereg.pdf","196.81"
"Paper52.pdf","308.21"
"Paper53 Prereg.pdf","278.1"
"Paper53.pdf","308.36"
"Paper54 Prereg.pdf","281.07"
"Paper54.pdf","337.67"
"Paper55 Prereg.pdf","319.92"
"Paper55.pdf","313.67"
"Paper56 Prereg.pdf","282.1"
"Paper56.pdf","632.42"
"Paper57 Prereg.pdf","313.47"
"Paper57.pdf","1692.33"
"Paper58 Prereg.pdf","275.91"
"Paper58.pdf","1697.08"
"Paper59 Prereg.pdf","271.92"
"Paper59.pdf","1682.83"
"Paper60 Prereg.pdf","192.22"
"Paper60.pdf","319.6"
"Paper61 Prereg.pdf","124.78"
"Paper61.pdf","825.03"
"Paper62 Prereg.pdf","86.22"
"Paper62.pdf","822.7"
"Paper65 Prereg.pdf","121.7"
"Paper65.pdf","145.83"
"Paper66 Prereg.pdf","121.07"
"Paper66.pdf","139.47"
"Paper72 Prereg.pdf","318.69"
"Paper72.pdf","2645.41"
"Paper77 Prereg.pdf","317.94"
"Paper77.pdf","720.36"
"Paper78 Prereg.pdf","317.94"
"Paper78.pdf","714.07"
"Paper79 Prereg.pdf","372.16"
"Paper79.pdf","292.49"
"Paper80 Prereg.pdf","284.89"
"Paper80.pdf","1768.19"
"Paper82 Prereg.pdf","447.82"
"Paper82.pdf","2840.74"
"Paper83 Prereg.pdf","300.12"
"Paper83.pdf","2833.78"
"Paper85 Prereg.pdf","126.87"
"Paper85.pdf","348.65"
"Paper86 Prereg.pdf","126.46"
"Paper86.pdf","348.65"
"Paper87 Prereg.pdf","125.12"
"Paper87.pdf","362.21"
"Paper88 Prereg.pdf","127.04"
"Paper88.pdf","362.21"
"Paper89 Prereg.pdf","126.32"
"Paper89.pdf","362.22"
"Paper92 Prereg.pdf","125.37"
"Paper92.pdf","362.21"
"Paper97 Prereg.pdf","252.28"
"Paper99 Prereg.pdf","312.88"
"Paper99.pdf","1851.8"
